Customer_ID,Age,Gender,Income,Location,Website_Visits,Session_Duration,Clicks,Cart_Additions,Purchase_Frequency,Avg_Spending,Email_Responses,Social_Media_Interactions
1,56,Other,108652,Miami,24,15.32,4,17,7,901.31,0,1
2,69,Other,132755,Houston,15,17.56,75,1,10,668.17,2,38
3,46,Other,76985,New York,22,13.9,96,3,0,114.17,3,8
4,32,Male,70069,Miami,30,8.83,49,17,2,675.3,3,18
5,60,Other,72326,Miami,4,15.32,7,6,5,639.07,0,15
6,25,Male,128737,New York,13,4.87,11,12,8,807.71,4,24
7,38,Female,101061,Chicago,23,7.22,92,14,1,827.0,2,47
8,56,Other,43398,New York,8,11.39,54,0,10,869.52,2,17
9,36,Male,118393,Miami,18,11.93,87,10,0,419.99,0,22
10,40,Male,70861,Chicago,12,1.42,45,9,9,700.89,4,20
11,28,Other,95897,Chicago,31,18.96,23,4,2,275.57,2,10
12,28,Female,101905,New York,14,14.24,28,15,3,999.34,2,38
13,41,Female,147118,Miami,34,10.42,57,10,10,183.58,2,40
14,53,Female,88577,Houston,18,18.73,26,5,4,20.01,4,3
15,57,Male,85641,Miami,34,9.34,25,8,2,157.32,0,24
16,41,Male,29078,Los Angeles,11,19.63,54,12,9,778.11,2,31
17,20,Male,45003,Houston,41,10.73,29,7,10,452.32,3,29
18,39,Male,82768,Chicago,12,3.17,83,13,1,453.03,4,44
19,19,Female,71047,Houston,49,15.53,97,0,1,955.47,1,25
20,41,Other,91626,Chicago,15,13.9,36,16,6,920.44,0,35
21,61,Male,77660,Chicago,31,15.69,14,4,8,318.08,3,33
22,47,Male,124386,Houston,49,19.08,78,1,9,216.97,2,8
23,55,Female,69786,Chicago,29,15.75,35,8,1,850.0,1,11
24,19,Other,21925,Chicago,26,12.62,30,3,6,906.96,0,1
25,38,Other,103976,Los Angeles,18,17.29,92,16,6,546.18,4,37
26,50,Female,125221,Miami,32,13.79,17,16,10,633.13,1,4
27,29,Female,137832,Miami,22,8.75,67,17,6,264.35,1,4
28,39,Other,145150,Los Angeles,38,17.83,80,15,2,802.79,3,21
29,61,Male,46015,Houston,17,5.22,30,7,11,635.8,0,4
30,42,Other,53320,New York,23,14.58,93,10,6,508.48,3,3
31,66,Female,84881,New York,24,17.75,45,17,0,69.51,3,8
32,44,Male,110827,New York,8,14.9,79,9,9,916.78,2,28
33,59,Male,140071,Los Angeles,41,14.25,89,12,0,619.3,4,21
34,45,Female,122215,Los Angeles,6,15.3,51,16,4,200.76,1,26
35,33,Female,46289,Chicago,5,9.84,47,17,1,610.32,0,9
36,32,Female,148859,New York,44,17.61,53,9,8,680.69,4,15
37,64,Other,23389,Houston,29,4.87,64,15,6,530.51,4,41
38,68,Other,45683,Houston,28,3.42,38,19,3,720.92,0,41
39,61,Male,33629,New York,11,6.42,64,4,3,585.64,4,9
40,69,Female,81550,New York,1,11.1,87,12,1,948.29,2,5
41,20,Male,44826,New York,43,10.7,89,17,4,63.16,4,48
42,54,Male,120734,Los Angeles,19,16.59,7,16,3,115.18,2,4
43,68,Male,46630,Los Angeles,9,8.69,22,8,11,181.93,1,5
44,24,Male,118762,Los Angeles,27,10.2,81,13,0,693.27,1,46
45,38,Female,66163,Miami,34,1.25,82,16,11,649.14,3,24
46,26,Male,118511,Houston,44,8.79,41,3,7,893.14,2,49
47,56,Female,86435,Houston,4,13.31,74,17,2,735.55,1,3
48,35,Female,31653,Chicago,36,1.29,10,19,5,513.27,4,39
49,21,Other,47961,Los Angeles,18,6.34,57,14,3,991.91,0,47
50,42,Female,101941,Miami,15,4.95,7,10,8,273.45,0,31
51,31,Other,94137,Miami,13,1.8,50,11,6,834.86,2,34
52,67,Female,53662,Houston,19,10.11,91,8,8,432.52,3,9
53,26,Female,118818,Los Angeles,49,4.45,52,12,9,652.25,4,33
54,43,Female,76446,Chicago,6,15.12,33,14,2,730.0,2,35
55,19,Other,41288,Los Angeles,48,17.11,1,14,0,637.42,0,5
56,37,Other,142555,New York,12,11.37,53,4,4,149.1,2,42
57,45,Male,115081,Los Angeles,37,19.65,60,18,2,448.52,4,45
58,64,Other,56877,New York,17,9.56,34,19,5,565.82,1,15
59,24,Other,131562,New York,23,10.75,4,13,7,850.55,4,18
60,61,Other,35313,Chicago,26,19.8,17,16,10,449.21,1,33
61,25,Other,100885,Houston,29,5.4,4,17,3,919.56,1,24
62,64,Male,92715,Los Angeles,33,18.91,43,2,4,445.97,1,30
63,52,Other,30326,New York,27,1.81,90,1,4,553.29,2,48
64,31,Female,130091,Los Angeles,25,9.48,4,0,3,798.32,0,40
65,34,Female,145836,Houston,10,2.33,1,9,3,587.24,2,16
66,53,Other,21560,Houston,47,14.86,71,18,3,960.62,0,46
67,67,Other,99148,Miami,23,12.56,94,16,3,663.73,4,29
68,57,Female,103186,Houston,21,14.43,50,11,3,527.48,3,38
69,21,Female,46745,Chicago,21,8.12,73,0,4,33.36,4,30
70,19,Male,51890,New York,43,8.02,61,11,1,419.6,2,18
71,23,Female,40022,Miami,13,1.86,35,16,1,306.26,2,34
72,59,Female,143629,Chicago,37,7.65,8,2,8,750.62,0,28
73,21,Other,72579,Los Angeles,33,18.66,24,10,1,216.19,2,0
74,46,Female,90316,New York,24,8.21,83,16,5,213.17,1,3
75,35,Male,103847,Houston,44,16.8,36,2,1,197.62,2,27
76,43,Female,48380,New York,11,17.0,50,7,4,134.36,0,17
77,61,Other,130198,Los Angeles,17,8.09,43,19,3,317.9,0,25
78,51,Other,22356,Miami,4,13.01,27,3,11,887.06,1,39
79,27,Female,90326,Miami,47,2.81,32,6,6,777.18,0,18
80,53,Other,112447,Miami,25,2.97,78,13,6,737.9,3,5
81,31,Male,134994,Houston,30,1.92,18,13,5,799.36,4,0
82,48,Male,109899,Chicago,9,12.04,28,3,9,276.72,2,7
83,65,Female,40049,Chicago,21,9.1,29,15,4,888.57,3,32
84,32,Female,95717,New York,20,11.41,16,0,0,145.93,2,42
85,25,Female,125361,Houston,19,10.9,99,16,11,342.98,3,20
86,31,Other,36082,Miami,19,7.65,47,9,2,590.88,2,23
87,40,Male,20661,Miami,12,13.87,59,15,8,111.88,1,24
88,57,Male,57412,Los Angeles,37,15.41,31,15,0,732.83,0,46
89,38,Other,134015,Los Angeles,42,1.28,4,7,4,393.37,0,42
90,33,Male,143191,Miami,17,4.94,37,6,1,786.56,1,18
91,62,Female,22920,Miami,37,14.55,17,5,3,497.97,3,28
92,35,Female,111194,Houston,48,8.35,39,15,10,189.07,4,9
93,64,Female,134306,Chicago,39,13.59,48,19,0,737.41,3,11
94,41,Male,80315,Los Angeles,28,7.59,46,15,2,259.62,0,32
95,43,Female,99561,Chicago,41,8.42,90,6,9,495.9,4,6
96,42,Other,28946,Houston,35,4.01,48,8,6,84.78,2,16
97,62,Other,114242,Miami,47,5.91,39,13,9,621.69,4,9
98,58,Male,65500,Chicago,48,12.5,4,10,2,669.2,3,30
99,46,Other,124540,Miami,18,9.23,30,13,3,384.89,1,5
100,32,Other,36309,Miami,14,15.71,30,6,1,954.88,2,16
101,62,Male,75230,New York,35,17.2,22,0,2,875.43,3,49
102,18,Female,131822,Chicago,44,11.29,75,12,8,710.86,2,36
103,42,Female,118656,Chicago,41,15.41,66,19,2,716.52,4,17
104,24,Female,143782,Miami,7,6.83,12,2,10,259.88,0,25
105,26,Male,50027,Houston,41,8.88,94,19,4,660.25,3,48
106,41,Other,146768,New York,13,14.54,36,3,1,206.22,1,15
107,18,Female,92541,Miami,18,8.34,18,10,3,152.56,4,7
108,61,Female,132340,Los Angeles,37,12.18,90,1,11,999.47,3,23
109,25,Male,134846,Los Angeles,13,4.52,53,13,6,626.15,1,12
110,41,Female,79321,New York,36,12.4,71,11,6,436.68,3,28
111,28,Male,20956,Houston,31,17.37,1,16,11,295.28,4,31
112,68,Other,120375,Miami,2,17.5,58,11,2,607.88,3,23
113,34,Male,94131,Chicago,16,14.76,90,11,4,59.1,2,15
114,25,Male,67908,New York,9,15.17,87,0,0,103.73,4,10
115,52,Male,98339,Houston,9,11.6,90,12,9,42.53,3,31
116,52,Male,145659,Chicago,38,12.11,6,13,9,504.18,0,5
117,50,Other,45963,Los Angeles,11,3.54,70,1,9,604.6,3,34
118,22,Other,121757,Los Angeles,22,9.43,44,11,10,71.85,2,32
119,59,Female,59443,Chicago,33,9.56,72,15,0,724.01,1,17
120,56,Other,119259,New York,36,19.21,24,3,4,238.09,1,36
121,58,Other,59063,Los Angeles,45,9.19,86,7,9,688.35,1,12
122,45,Female,134225,Miami,23,11.44,19,1,8,982.08,0,9
123,24,Other,136400,Chicago,45,11.13,18,9,0,694.19,2,36
124,26,Male,100818,Chicago,45,13.1,95,8,0,884.36,4,25
125,25,Male,24703,Los Angeles,34,15.22,30,14,3,948.72,1,45
126,29,Female,85128,New York,9,5.28,42,12,3,491.88,2,16
127,51,Female,92099,Miami,24,11.05,33,16,1,705.3,3,0
128,50,Female,45849,New York,8,16.69,74,15,8,853.45,0,24
129,65,Male,51860,Houston,7,9.8,12,1,8,363.04,2,33
130,40,Other,51585,Houston,36,6.29,94,19,1,268.78,2,38
131,41,Male,42015,Los Angeles,18,13.44,27,19,8,947.13,4,9
132,54,Female,97539,Los Angeles,3,16.65,39,13,5,729.04,2,19
133,52,Other,63585,Los Angeles,28,2.2,9,2,7,227.49,4,6
134,61,Other,46958,Houston,6,15.76,21,11,9,454.59,0,15
135,57,Male,46017,New York,44,16.61,76,7,3,798.49,0,36
136,39,Female,96707,New York,44,9.77,29,1,1,551.59,3,28
137,44,Male,144677,Los Angeles,21,19.68,33,3,1,653.45,4,11
138,52,Other,65350,Miami,28,15.95,62,13,8,756.23,4,16
139,18,Male,32201,New York,40,15.7,15,15,0,625.79,1,47
140,52,Male,49426,Houston,1,15.21,2,18,11,544.68,1,19
141,54,Female,37778,Chicago,36,3.86,52,1,6,752.12,3,25
142,64,Female,65241,Chicago,21,5.13,44,11,10,730.29,0,47
143,31,Other,62229,Chicago,43,9.82,54,13,2,633.57,1,18
144,20,Male,106652,Miami,35,6.02,18,5,2,366.19,2,46
145,18,Male,148267,Los Angeles,13,8.89,3,12,1,411.75,0,11
146,22,Male,138402,Houston,49,17.88,7,3,9,970.73,2,20
147,43,Other,68364,Miami,10,16.66,43,17,5,121.26,4,41
148,31,Other,118833,Houston,44,12.97,82,11,9,275.82,0,33
149,56,Female,146503,Houston,47,17.3,38,19,1,497.48,3,6
150,44,Female,149044,Los Angeles,10,15.89,37,18,9,838.36,4,44
151,26,Female,104878,Chicago,46,9.15,58,7,3,172.04,4,34
152,32,Male,77056,Los Angeles,13,4.82,33,6,9,284.19,2,14
153,32,Male,47490,Miami,37,10.77,59,15,8,75.14,4,0
154,43,Female,147769,Miami,38,14.99,95,18,8,708.93,1,25
155,59,Male,39975,Miami,24,9.29,11,5,5,245.83,0,34
156,30,Female,46723,Los Angeles,2,13.67,68,19,3,394.79,1,24
157,68,Other,43279,Houston,22,2.79,82,10,6,449.26,2,41
158,49,Female,98301,Houston,17,15.21,68,4,0,892.4,2,14
159,56,Other,132214,New York,36,16.44,98,15,11,417.22,0,21
160,66,Male,31561,Miami,14,14.43,93,6,3,153.77,4,5
161,69,Female,127435,Houston,10,19.38,88,4,4,529.07,3,14
162,49,Male,86061,New York,35,16.71,22,10,7,963.33,2,23
163,21,Other,108397,Houston,25,18.16,66,14,11,611.61,0,20
164,47,Other,69153,Miami,3,18.74,44,2,1,983.55,3,6
165,54,Other,53142,Chicago,47,16.23,6,4,11,842.7,4,28
166,40,Male,46916,Miami,38,13.81,42,4,4,45.61,2,31
167,56,Male,84324,Los Angeles,17,1.11,25,8,5,661.82,0,31
168,62,Male,64965,Houston,12,9.85,57,14,4,293.9,0,4
169,32,Male,145932,Houston,24,11.85,85,2,8,564.02,0,3
170,60,Other,24648,Los Angeles,29,6.78,55,5,9,286.55,2,21
171,46,Other,55133,Los Angeles,43,7.04,16,16,0,355.38,3,17
172,53,Female,70677,Chicago,25,19.26,95,7,2,923.94,0,34
173,30,Female,116059,Houston,36,17.94,14,10,1,214.58,4,16
174,49,Male,114588,Houston,26,17.13,39,5,11,875.37,0,49
175,24,Other,119950,Chicago,38,8.71,28,7,2,40.15,3,49
176,68,Other,118317,New York,1,1.26,96,9,9,99.97,2,23
177,39,Other,90135,Chicago,20,2.52,92,2,8,856.13,0,1
178,45,Female,55046,Miami,28,6.93,51,13,8,634.25,0,12
179,19,Female,67064,Houston,16,1.3,49,13,9,749.76,4,14
180,59,Other,121459,Los Angeles,47,1.33,9,9,1,217.32,4,4
181,62,Other,126625,Miami,17,18.42,58,11,2,541.71,0,2
182,23,Other,89350,Houston,40,14.42,45,5,3,739.85,0,36
183,45,Female,65893,Chicago,28,6.87,22,11,8,631.04,4,36
184,45,Other,121520,Miami,12,3.52,32,13,2,476.98,3,36
185,61,Other,145818,Houston,27,10.72,69,1,6,960.19,1,2
186,61,Male,81272,New York,42,1.1,87,8,11,679.4,1,34
187,37,Male,112152,New York,47,18.83,69,9,2,908.67,0,22
188,47,Female,142907,Los Angeles,30,8.88,42,16,6,732.47,4,27
189,28,Other,87649,Houston,41,8.64,53,16,6,738.11,2,29
190,45,Other,84674,New York,34,8.42,96,2,8,89.22,2,17
191,42,Male,144132,Chicago,37,2.32,59,18,1,365.87,1,35
192,56,Female,139044,Houston,6,13.13,74,0,5,859.79,3,32
193,50,Male,128542,Chicago,7,14.93,39,11,8,240.28,1,25
194,18,Male,33760,Chicago,32,13.85,15,6,11,124.35,0,47
195,44,Male,41927,New York,32,3.63,71,3,11,332.84,3,39
196,69,Male,106475,Houston,25,12.0,29,9,1,228.23,2,16
197,30,Other,81367,Miami,33,11.82,3,12,1,926.04,4,39
198,58,Other,117955,New York,7,17.5,83,1,4,869.29,4,6
199,20,Male,32588,New York,12,8.2,10,9,9,504.69,0,7
200,56,Female,141750,Houston,16,8.06,92,3,9,70.73,1,30
201,23,Female,121678,Houston,16,12.75,29,17,11,717.42,0,11
202,25,Female,124734,Chicago,43,13.03,79,4,9,627.18,4,47
203,44,Female,138154,Houston,36,9.92,35,18,7,970.85,2,30
204,26,Male,72233,Chicago,13,9.42,6,1,10,563.36,4,43
205,54,Other,64738,New York,7,10.39,12,11,8,343.03,3,18
206,50,Female,53397,Los Angeles,36,17.36,38,16,1,523.83,4,9
207,68,Male,102189,Miami,47,9.76,77,9,4,979.47,4,38
208,59,Female,96367,New York,9,18.86,93,1,6,699.4,3,11
209,61,Female,144873,Houston,32,10.58,19,5,5,675.26,1,19
210,41,Male,91260,Miami,11,19.03,67,7,5,248.27,4,36
211,32,Other,140585,Los Angeles,8,16.82,8,18,6,746.17,0,47
212,49,Other,96619,Los Angeles,33,7.89,8,10,2,752.77,4,40
213,49,Male,131453,Chicago,23,17.41,84,11,2,324.12,0,6
214,41,Other,39816,Miami,25,3.09,47,8,9,488.88,3,13
215,58,Male,62240,Chicago,8,18.58,4,1,8,301.66,4,10
216,69,Male,26276,New York,45,13.0,51,7,7,266.12,3,6
217,66,Male,133939,Miami,22,2.03,85,10,4,35.64,3,28
218,66,Other,124199,New York,4,13.24,67,3,5,292.36,1,9
219,69,Male,99530,Chicago,40,19.51,45,9,10,558.43,4,28
220,29,Female,43499,Miami,3,2.33,8,19,11,11.59,0,8
221,56,Other,108576,Chicago,29,11.54,87,15,9,290.39,0,35
222,19,Other,128856,Miami,41,15.21,16,7,0,882.6,4,47
223,20,Other,102495,Chicago,29,16.39,77,3,9,597.71,1,9
224,66,Other,141717,Los Angeles,34,8.86,67,9,11,611.78,1,18
225,54,Female,91635,Chicago,34,4.88,9,11,0,409.33,1,30
226,66,Other,127803,Los Angeles,28,1.8,60,13,3,679.71,0,16
227,34,Other,105112,Chicago,13,12.01,78,15,1,198.03,3,8
228,66,Male,55946,Miami,15,9.61,77,17,10,820.56,1,44
229,19,Other,75204,Miami,23,19.03,71,11,6,125.52,0,32
230,19,Female,71886,Miami,44,2.15,15,17,1,659.44,0,33
231,45,Female,91652,Houston,26,14.02,71,6,9,347.74,3,44
232,40,Female,35563,New York,4,1.47,98,19,1,750.04,4,23
233,54,Female,112324,Miami,26,4.26,41,6,4,554.27,4,8
234,49,Other,112464,Los Angeles,40,9.62,22,8,3,457.83,1,6
235,50,Other,121872,Miami,9,9.64,24,0,7,177.73,1,15
236,18,Female,29847,Houston,5,14.03,44,5,3,640.45,3,18
237,36,Female,46155,Los Angeles,32,18.29,1,5,11,975.02,1,38
238,19,Other,99671,Houston,20,13.14,10,11,5,827.35,3,5
239,61,Female,136891,Los Angeles,11,19.12,80,11,4,69.41,0,49
240,43,Male,103310,Chicago,15,17.75,72,9,10,382.47,1,10
241,49,Female,87278,New York,32,12.11,56,5,1,926.33,0,11
242,23,Female,38309,New York,28,16.84,89,16,10,508.01,2,41
243,49,Male,20619,Houston,22,13.21,50,18,11,665.49,3,12
244,21,Male,103194,New York,41,2.49,12,17,7,913.47,2,11
245,28,Other,70108,Houston,17,15.07,89,5,1,875.06,1,20
246,34,Other,54707,Houston,26,2.8,81,18,8,506.8,0,9
247,55,Male,40337,Houston,44,12.29,60,9,8,443.27,1,19
248,41,Male,145261,New York,7,14.35,26,7,2,346.3,2,49
249,22,Other,101537,Houston,42,2.26,78,5,3,721.83,1,35
250,69,Female,86504,New York,26,5.39,41,6,7,294.12,4,27
251,51,Male,67614,Houston,25,18.4,36,0,8,257.39,2,23
252,23,Other,111428,Miami,10,12.71,23,17,2,362.69,1,4
253,39,Female,111155,Houston,45,5.68,43,19,4,185.44,0,36
254,28,Male,20281,Los Angeles,19,14.12,6,11,10,698.17,1,11
255,65,Female,47420,Houston,11,12.34,69,15,7,620.08,0,34
256,33,Other,100896,Chicago,13,10.53,43,9,2,488.05,4,39
257,50,Male,59030,Houston,8,19.55,25,9,6,396.42,1,1
258,26,Female,21058,Los Angeles,40,13.99,18,13,10,909.97,4,49
259,23,Male,106213,Los Angeles,4,8.13,62,19,7,38.83,2,40
260,33,Female,96260,New York,47,16.2,13,9,9,771.42,0,44
261,46,Other,48404,Miami,31,17.81,43,9,10,902.89,2,38
262,20,Other,123482,Houston,28,3.38,78,10,2,451.89,0,41
263,37,Male,125284,New York,11,4.81,28,1,1,555.18,4,8
264,53,Female,49856,Miami,43,5.11,18,19,9,945.02,3,21
265,36,Male,29200,Houston,1,14.13,59,7,6,220.15,1,46
266,43,Male,84178,Chicago,49,12.46,60,6,11,524.93,4,4
267,20,Female,53997,Houston,47,12.76,63,7,8,479.97,0,11
268,36,Female,45611,Los Angeles,38,18.87,57,0,0,265.81,0,0
269,37,Female,139273,Los Angeles,24,15.74,92,1,2,820.41,0,43
270,49,Other,61235,Chicago,47,3.43,51,17,4,900.6,0,21
271,24,Male,137428,New York,31,7.6,56,14,2,784.11,1,37
272,69,Male,55057,Miami,41,9.27,27,0,0,203.41,2,18
273,58,Other,21239,Houston,46,8.52,32,4,6,95.88,3,15
274,50,Female,123674,Los Angeles,26,13.72,9,1,6,609.39,1,30
275,57,Other,134474,New York,49,17.95,96,19,9,66.52,0,2
276,56,Other,85661,Chicago,5,6.81,84,2,11,676.1,1,22
277,35,Other,146945,Los Angeles,20,11.49,92,18,7,535.12,4,41
278,57,Male,65272,Chicago,41,16.0,97,17,4,666.16,0,17
279,18,Other,109393,Houston,11,8.91,68,17,9,594.27,3,25
280,28,Male,81212,Miami,33,4.19,46,13,11,428.48,0,12
281,45,Male,144088,Los Angeles,38,10.02,98,7,4,208.87,3,17
282,42,Male,35398,Los Angeles,27,2.05,67,11,4,312.65,3,2
283,67,Female,140030,Houston,34,18.91,26,9,0,529.26,2,22
284,40,Male,76503,New York,15,2.42,8,19,9,655.35,2,2
285,48,Male,26638,Miami,32,9.33,6,16,4,781.69,1,24
286,47,Female,26570,Los Angeles,21,11.07,80,10,5,769.5,1,26
287,59,Male,88785,Miami,46,19.72,24,1,11,972.96,3,43
288,52,Other,29110,Los Angeles,5,4.15,48,3,0,292.98,0,26
289,24,Other,125899,Miami,6,3.17,94,0,10,80.4,4,38
290,33,Male,99141,Chicago,38,1.17,45,14,6,352.2,4,24
291,43,Female,32115,Los Angeles,22,3.96,13,12,0,745.86,0,23
292,65,Other,59062,Miami,18,4.94,69,7,10,443.73,0,7
293,69,Female,42911,New York,14,12.98,25,3,1,819.61,2,8
294,66,Female,124061,Chicago,10,5.17,20,9,1,553.83,4,45
295,19,Other,52556,Chicago,46,1.39,82,18,4,930.49,3,36
296,18,Female,98131,New York,13,16.71,82,17,9,948.38,1,29
297,65,Other,148335,Miami,31,7.95,66,4,6,78.61,2,18
298,29,Female,21969,Houston,30,7.72,74,18,0,461.85,4,15
299,22,Other,63753,New York,3,6.75,45,15,9,613.59,0,23
300,54,Male,102811,Miami,30,19.53,47,0,0,263.31,4,43
301,49,Other,24470,New York,6,4.23,63,11,0,413.01,3,20
302,26,Other,141863,New York,29,18.07,76,1,5,680.9,2,35
303,58,Other,30225,Los Angeles,8,15.76,77,7,1,234.47,0,39
304,52,Other,127860,Miami,44,2.45,55,17,0,605.96,3,38
305,36,Female,143008,Houston,45,19.75,75,15,5,700.47,1,46
306,65,Male,127510,Los Angeles,43,6.16,19,4,1,99.59,2,5
307,33,Other,128295,New York,44,2.87,35,12,5,502.55,3,4
308,20,Female,43196,New York,33,16.76,53,18,9,270.45,3,13
309,37,Male,125823,New York,17,14.43,26,2,7,727.14,0,44
310,41,Male,33669,Miami,48,12.73,14,7,1,197.66,1,41
311,50,Male,57380,Miami,11,3.96,45,11,10,893.32,3,49
312,41,Male,144398,Los Angeles,13,10.09,44,1,8,436.63,2,3
313,69,Other,130677,Houston,11,15.83,88,10,7,206.02,3,7
314,28,Other,135886,Los Angeles,31,6.77,65,11,11,443.64,4,23
315,66,Female,146753,Chicago,28,6.92,51,17,9,414.66,2,10
316,25,Female,68320,New York,44,1.06,43,12,0,434.63,2,16
317,53,Female,67414,New York,6,4.31,86,4,6,589.71,3,49
318,55,Male,123542,New York,41,17.63,23,11,9,525.96,0,20
319,57,Male,35577,Los Angeles,16,9.39,56,1,5,158.28,2,25
320,37,Other,145354,Los Angeles,4,19.7,19,4,5,74.92,4,42
321,52,Male,108009,New York,35,8.52,82,6,5,732.12,0,47
322,65,Male,146365,Los Angeles,48,14.59,76,11,5,564.12,0,43
323,42,Male,75409,Miami,26,6.36,55,15,9,365.41,0,44
324,52,Female,48625,Miami,12,7.91,92,7,6,810.27,2,26
325,42,Female,101040,Los Angeles,11,4.62,92,8,11,394.18,0,15
326,46,Other,44089,New York,37,7.59,60,14,2,798.01,3,25
327,35,Male,56487,Los Angeles,25,11.4,59,4,5,312.7,0,32
328,63,Male,85838,Los Angeles,18,19.84,33,12,2,82.12,4,30
329,35,Other,116999,Los Angeles,19,13.62,19,4,6,933.31,1,47
330,19,Male,130448,Chicago,23,4.79,28,10,6,400.61,4,46
331,52,Male,114795,Miami,38,1.85,52,9,7,794.77,2,5
332,33,Female,70138,Houston,18,3.4,49,19,1,286.35,0,43
333,58,Other,62823,Houston,26,11.69,37,12,8,649.9,0,7
334,53,Other,57208,Chicago,6,15.54,26,8,4,874.58,3,6
335,50,Other,74061,Los Angeles,4,18.87,99,13,8,51.23,0,33
336,21,Other,50659,Chicago,44,1.3,98,17,9,832.33,4,43
337,50,Female,149824,Chicago,29,10.93,99,14,4,575.62,2,13
338,31,Female,121376,New York,34,9.95,40,9,6,611.4,1,15
339,38,Male,51890,Miami,17,13.47,80,6,10,527.93,0,42
340,65,Male,99134,Houston,43,11.63,38,7,8,875.73,1,8
341,37,Male,67055,Los Angeles,43,14.05,77,2,3,53.0,0,9
342,25,Male,132269,Houston,16,13.5,87,14,1,268.42,2,16
343,24,Female,39508,Houston,2,3.22,54,15,8,877.0,4,11
344,20,Other,62287,Miami,34,16.19,22,3,1,754.82,2,5
345,34,Female,98916,Houston,8,3.34,16,5,2,27.47,1,18
346,50,Male,46984,Houston,13,14.27,28,0,9,521.84,0,42
347,65,Female,130169,Chicago,42,8.91,35,3,1,534.28,1,40
348,29,Other,28125,Miami,8,10.76,60,10,2,406.87,4,28
349,68,Other,56059,New York,30,18.16,45,11,5,304.42,2,5
350,39,Female,89569,Los Angeles,32,17.91,46,4,2,684.91,1,24
351,39,Female,123409,Houston,36,16.54,72,15,9,215.71,1,23
352,63,Female,37087,Los Angeles,47,10.69,55,12,7,800.96,4,24
353,47,Male,126437,New York,30,14.99,86,12,10,805.01,0,15
354,55,Female,135262,Los Angeles,1,10.75,85,16,5,421.11,1,15
355,55,Female,25704,New York,43,17.52,26,6,6,290.71,4,5
356,62,Female,80576,Chicago,39,8.65,85,7,0,291.04,0,36
357,68,Other,93384,Houston,17,19.43,25,12,2,487.47,0,20
358,25,Other,107128,New York,20,18.71,65,15,2,722.38,2,3
359,44,Male,131279,Los Angeles,24,15.09,6,3,1,365.28,4,33
360,44,Male,92460,Houston,22,6.31,23,7,6,613.94,0,27
361,51,Other,47208,Chicago,29,3.5,64,15,8,388.66,2,37
362,38,Other,138516,Houston,22,17.24,87,9,3,311.48,3,40
363,47,Other,149612,New York,44,4.14,43,11,11,34.61,4,27
364,50,Female,105150,Chicago,9,17.23,23,11,4,13.87,3,16
365,45,Female,86024,Los Angeles,37,10.32,96,4,2,234.94,0,13
366,64,Other,59882,Chicago,10,8.72,30,15,10,412.34,4,6
367,50,Female,45923,Chicago,36,18.16,77,0,8,852.75,2,21
368,22,Female,146561,Miami,37,12.47,18,8,3,800.5,0,0
369,65,Male,134044,Chicago,28,11.96,87,11,4,274.49,4,28
370,36,Other,121477,Chicago,28,11.62,79,4,0,252.1,4,30
371,21,Other,49165,Houston,42,8.05,97,19,10,235.05,3,29
372,52,Female,87203,Los Angeles,43,15.93,21,2,11,345.84,0,14
373,66,Other,111749,Houston,21,5.8,57,4,1,503.22,2,17
374,34,Male,24114,Houston,24,18.84,23,1,11,444.28,2,34
375,61,Male,84965,New York,42,17.99,91,13,8,226.09,0,49
376,45,Male,56321,Houston,40,7.41,45,1,1,139.15,0,29
377,47,Other,93297,Miami,2,14.86,44,12,4,22.45,1,33
378,46,Other,116652,Miami,8,11.89,82,6,7,162.42,3,41
379,63,Other,119304,New York,48,7.42,88,9,2,708.3,0,10
380,23,Other,133942,Los Angeles,27,19.78,47,12,5,251.2,0,26
381,52,Other,45426,Los Angeles,22,1.48,40,15,3,473.92,1,23
382,58,Male,37772,Houston,37,5.8,51,13,10,595.39,1,34
383,54,Female,123754,Houston,27,10.88,42,10,6,887.97,4,38
384,41,Male,23712,Houston,29,10.92,7,9,9,889.97,2,7
385,46,Other,21367,Los Angeles,3,12.19,50,5,2,748.28,3,17
386,66,Male,126493,Chicago,44,15.28,48,3,5,44.81,4,12
387,63,Other,127317,Miami,13,12.85,84,0,11,579.32,0,44
388,48,Other,135142,Chicago,45,12.41,91,6,9,788.72,1,23
389,52,Male,111736,Chicago,10,2.02,6,8,8,27.12,2,22
390,50,Other,71924,Los Angeles,36,8.15,91,7,10,554.19,4,11
391,69,Female,23726,Chicago,9,5.41,9,4,9,859.19,2,48
392,38,Other,109152,New York,27,6.04,57,18,0,479.36,1,29
393,49,Female,47723,Houston,34,11.53,31,9,2,14.07,4,30
394,40,Female,146969,New York,1,4.79,21,10,1,20.9,4,27
395,50,Other,123110,Miami,32,6.59,90,14,7,422.47,2,21
396,20,Male,120494,Houston,25,5.5,40,5,6,163.46,1,43
397,35,Female,29108,Chicago,29,19.02,45,14,1,667.81,0,27
398,42,Male,97714,Miami,7,18.95,77,4,5,711.71,4,12
399,59,Female,55643,Houston,49,12.59,49,18,2,186.1,0,24
400,48,Other,51324,Chicago,3,18.57,87,18,7,889.65,1,43
401,20,Other,123896,New York,20,15.93,20,9,9,447.49,4,45
402,57,Female,103360,Houston,20,12.21,92,11,2,151.42,4,6
403,63,Other,130896,Chicago,30,1.12,17,3,9,766.61,0,44
404,41,Female,28927,New York,35,15.68,28,17,8,792.07,3,5
405,67,Other,113680,Miami,35,14.35,41,15,0,642.9,0,23
406,49,Male,116546,Miami,49,12.69,66,7,4,854.93,0,18
407,64,Other,42443,Miami,39,15.45,25,3,2,740.0,3,18
408,39,Male,99973,Miami,27,10.75,58,11,5,883.38,1,35
409,40,Other,83449,Los Angeles,26,14.38,41,1,9,439.55,1,8
410,19,Male,129834,Houston,14,18.77,6,3,1,750.12,4,47
411,44,Other,125314,Houston,17,8.14,75,4,8,999.75,2,35
412,59,Male,96743,Los Angeles,18,14.45,38,2,5,727.68,2,37
413,19,Female,141805,Chicago,45,10.04,6,8,6,123.04,4,39
414,43,Female,80233,Chicago,29,13.81,45,17,4,523.14,2,28
415,34,Male,45537,Miami,20,15.49,75,10,8,591.47,0,23
416,57,Other,121293,New York,27,1.86,14,2,0,182.47,0,47
417,50,Male,97576,Chicago,18,13.29,66,1,4,963.26,3,4
418,26,Other,127522,New York,4,5.31,40,8,10,183.82,3,41
419,60,Female,42612,Houston,1,13.73,3,13,9,185.78,4,44
420,65,Other,113977,New York,1,9.9,99,3,10,916.02,4,25
421,56,Female,26471,Houston,26,15.7,97,8,5,470.55,4,13
422,46,Other,55631,Los Angeles,45,3.34,24,12,6,72.56,0,38
423,59,Other,148449,Los Angeles,20,12.9,19,17,11,602.21,2,28
424,43,Other,128997,Miami,23,6.29,18,14,3,605.81,4,5
425,52,Male,112059,Chicago,10,17.21,64,9,11,73.86,4,6
426,67,Male,51348,Miami,11,18.64,88,15,0,972.8,0,36
427,42,Female,84732,Houston,41,19.93,35,11,10,548.59,0,17
428,41,Female,21177,Miami,41,16.12,62,19,7,564.2,0,22
429,30,Male,24760,New York,5,15.32,1,4,9,524.91,2,43
430,24,Female,52779,Houston,1,5.09,25,1,3,614.62,4,37
431,53,Male,41636,Los Angeles,17,7.38,45,9,2,271.66,1,0
432,62,Other,101889,Chicago,22,9.85,49,0,11,294.37,1,3
433,37,Female,73551,Houston,34,15.69,98,6,6,516.23,4,43
434,18,Female,31556,Houston,45,18.38,89,16,11,808.62,4,46
435,25,Male,47598,New York,41,4.59,16,15,1,59.37,4,34
436,63,Female,31563,Chicago,29,18.52,98,2,7,607.37,4,22
437,33,Female,66819,Los Angeles,4,14.22,93,13,5,808.71,2,26
438,31,Other,129326,Houston,5,12.6,19,9,6,165.35,1,25
439,29,Female,93770,Houston,11,4.8,23,6,4,24.87,3,7
440,68,Other,111055,New York,21,2.05,83,16,8,319.59,1,42
441,40,Male,46966,Miami,35,11.8,25,5,4,592.26,1,15
442,32,Female,140133,Los Angeles,12,13.38,16,3,10,146.9,0,40
443,45,Other,101709,Chicago,26,5.0,54,16,4,431.86,4,2
444,51,Male,79889,Houston,19,11.57,73,8,2,556.8,4,31
445,19,Female,46987,Houston,45,17.27,1,3,10,602.89,4,4
446,49,Male,98714,Los Angeles,7,16.87,42,6,0,281.67,0,19
447,40,Female,124874,Miami,47,18.62,19,1,1,406.03,2,13
448,39,Male,78348,Houston,7,7.95,97,16,7,780.56,2,31
449,68,Male,44596,Los Angeles,26,7.04,34,7,0,941.8,3,25
450,42,Other,53174,New York,40,15.24,80,14,6,863.26,2,46
451,39,Male,84106,Miami,5,9.19,55,14,4,568.64,2,5
452,39,Female,127510,Chicago,21,2.66,18,7,2,416.19,4,35
453,66,Female,89967,Houston,14,6.37,34,15,11,339.63,1,39
454,69,Other,79182,Los Angeles,4,8.95,89,18,11,133.71,2,4
455,59,Female,113300,New York,23,6.56,45,10,10,115.49,2,12
456,23,Female,107163,Chicago,42,7.31,6,1,6,691.47,0,31
457,32,Female,59310,Los Angeles,20,6.58,21,16,8,267.2,3,15
458,60,Male,76088,Los Angeles,15,1.79,70,15,1,262.12,0,0
459,54,Male,148803,Chicago,45,13.1,96,14,7,998.21,4,12
460,50,Female,28906,New York,29,12.35,48,12,8,196.05,1,10
461,25,Other,56914,New York,8,13.41,39,14,10,156.58,3,7
462,61,Male,130350,Miami,41,4.65,31,3,2,107.7,0,24
463,61,Other,65379,Houston,48,6.62,10,15,1,584.01,2,39
464,22,Female,98612,Chicago,19,12.77,30,11,6,631.59,2,31
465,56,Female,134828,Chicago,48,12.39,18,3,4,371.58,3,23
466,21,Male,147445,Chicago,39,10.62,60,2,4,540.06,2,27
467,23,Female,57650,New York,46,7.66,88,16,9,790.52,0,13
468,62,Male,66881,Houston,28,18.35,73,17,4,819.92,0,44
469,49,Female,66413,Miami,46,7.46,95,17,3,958.33,2,2
470,69,Female,26012,Los Angeles,27,9.66,15,16,4,826.03,2,35
471,47,Male,70115,Los Angeles,4,13.88,4,11,3,569.19,4,26
472,64,Male,27151,Chicago,15,11.32,63,3,5,187.86,1,19
473,52,Male,77716,Houston,35,7.59,40,11,3,108.77,3,46
474,57,Female,113747,New York,37,9.28,9,19,1,63.97,0,14
475,69,Female,112653,Houston,1,16.1,9,14,8,669.86,3,26
476,33,Other,56378,Houston,3,6.28,26,15,1,809.46,4,44
477,30,Male,62652,New York,47,3.7,4,4,8,513.6,0,40
478,67,Female,92430,Chicago,24,6.95,81,14,9,64.17,4,27
479,59,Female,33467,Houston,27,17.14,16,16,5,540.12,4,24
480,47,Male,51010,Los Angeles,40,2.69,15,17,8,936.39,2,41
481,36,Other,148647,New York,36,19.84,99,4,8,601.64,3,43
482,34,Male,141999,Miami,34,11.28,52,12,2,811.33,3,45
483,36,Other,134793,Chicago,29,19.71,69,18,0,802.15,2,32
484,45,Female,74691,New York,24,18.84,5,12,0,932.81,3,45
485,43,Other,84157,Miami,24,9.6,20,17,2,772.53,2,13
486,54,Female,128177,Miami,42,4.77,79,13,4,750.22,0,7
487,43,Male,32289,Houston,4,4.13,18,3,2,241.76,4,47
488,40,Male,64976,Houston,3,5.56,2,3,11,69.33,4,13
489,26,Male,63596,Houston,34,14.49,93,19,8,522.42,3,0
490,29,Other,43171,New York,49,6.19,13,19,8,133.19,1,15
491,18,Female,120441,New York,23,7.49,4,18,2,962.57,4,17
492,18,Male,146296,Chicago,23,9.53,42,12,2,297.03,2,6
493,64,Male,106365,Houston,45,18.35,74,11,11,854.41,1,14
494,51,Female,138218,Miami,5,4.6,61,6,4,393.75,1,23
495,49,Male,119590,Los Angeles,31,1.1,95,11,1,329.96,4,48
496,65,Female,134014,Chicago,41,2.14,8,3,5,935.81,4,12
497,42,Female,64139,New York,6,18.19,67,1,6,369.69,4,8
498,57,Female,68713,Chicago,37,13.3,63,1,8,396.39,2,14
499,62,Female,49734,Chicago,10,6.19,9,4,5,115.03,1,34
500,18,Female,92588,Chicago,40,4.37,94,9,2,673.74,3,23
501,33,Other,83646,Chicago,7,6.59,11,9,11,295.95,2,32
502,56,Male,23654,Los Angeles,39,3.18,99,8,4,589.75,0,15
503,22,Other,109022,Houston,38,18.89,42,12,3,595.44,4,7
504,39,Male,38743,Miami,21,15.9,13,6,4,722.01,1,28
505,46,Other,68368,Chicago,20,9.79,36,4,7,747.79,2,22
506,20,Female,110025,Chicago,3,17.43,13,9,7,519.31,0,44
507,29,Male,94172,Chicago,22,5.74,12,9,5,337.68,2,30
508,43,Male,26441,Houston,47,14.63,37,5,0,839.08,2,39
509,33,Other,139735,New York,4,17.27,74,18,7,316.77,3,48
510,68,Other,44611,New York,28,7.78,73,7,7,512.43,3,13
511,54,Male,139891,Los Angeles,12,15.39,52,0,1,407.24,2,29
512,39,Other,127971,New York,38,6.61,71,16,3,856.53,0,38
513,46,Other,32149,Chicago,36,6.68,2,6,11,437.6,1,26
514,31,Other,120102,Chicago,47,3.03,56,13,1,392.24,1,46
515,45,Female,79189,Chicago,41,9.36,60,16,3,692.93,4,15
516,22,Female,127904,Los Angeles,5,14.86,23,8,11,606.42,4,5
517,64,Other,41675,Chicago,13,18.86,40,16,9,116.17,1,32
518,66,Other,91031,New York,23,12.47,64,4,6,513.09,2,43
519,47,Female,62668,Houston,30,17.4,85,19,8,738.12,2,17
520,63,Female,33673,Houston,37,16.63,23,7,7,992.15,3,15
521,69,Male,149582,Miami,25,4.29,29,5,11,632.86,3,11
522,22,Male,96666,New York,48,10.23,78,10,8,376.59,4,19
523,29,Female,108204,Chicago,27,3.22,90,18,7,233.89,1,44
524,33,Other,100758,Houston,14,13.96,51,3,1,874.1,2,39
525,43,Other,85429,New York,48,19.05,69,17,6,816.42,1,28
526,43,Other,43669,Houston,47,3.6,95,0,1,241.58,0,29
527,65,Other,54068,Chicago,36,14.94,89,12,11,208.63,1,25
528,38,Male,108789,Houston,39,13.01,31,13,10,717.99,0,21
529,56,Female,29435,Miami,16,12.09,50,0,1,321.8,3,32
530,53,Other,114088,Miami,22,8.41,20,10,3,313.33,3,38
531,50,Male,72249,Houston,21,7.75,55,16,0,160.77,4,46
532,47,Other,57384,New York,21,1.86,81,3,4,271.34,1,28
533,54,Female,148782,New York,8,5.14,2,11,5,433.23,1,21
534,40,Male,101929,New York,49,1.29,25,9,8,735.51,0,44
535,27,Female,147959,Houston,16,12.05,13,5,9,342.95,3,12
536,22,Female,96153,New York,31,3.01,92,0,7,335.32,0,8
537,53,Male,124056,Chicago,42,17.59,70,6,1,292.06,3,23
538,51,Male,95388,Miami,10,10.94,67,15,0,483.5,0,14
539,69,Male,51401,Chicago,32,14.29,58,13,1,188.83,3,35
540,48,Male,145511,New York,34,8.81,99,19,6,490.77,0,12
541,27,Male,91831,Chicago,9,11.65,82,19,3,707.13,3,26
542,36,Male,139503,New York,17,18.91,75,5,9,39.49,0,43
543,49,Male,135760,Houston,11,2.57,84,4,4,19.68,1,36
544,18,Other,121529,Chicago,32,5.82,64,17,11,84.37,4,6
545,22,Female,147834,Houston,10,15.82,69,14,6,540.3,0,7
546,62,Male,54084,Houston,22,2.88,83,5,2,855.91,4,36
547,21,Other,140387,Los Angeles,17,2.44,86,18,9,14.84,1,40
548,33,Other,130641,New York,4,7.87,59,0,1,937.29,1,13
549,41,Other,125111,Miami,48,2.75,60,0,6,115.22,3,11
550,33,Female,75826,New York,47,12.12,83,12,4,843.56,4,35
551,19,Male,56451,Miami,25,5.3,62,2,0,488.03,2,39
552,66,Other,27227,New York,21,18.02,16,9,0,662.76,3,16
553,45,Female,51910,Houston,37,15.89,88,2,8,515.58,4,39
554,49,Female,56041,Chicago,38,14.29,68,8,4,482.28,0,28
555,44,Female,108920,Chicago,49,12.72,15,7,0,836.55,0,26
556,37,Other,85681,Los Angeles,1,17.41,89,2,6,758.33,1,0
557,41,Male,123314,Miami,25,5.24,55,12,8,488.57,2,33
558,29,Other,101571,Miami,36,17.59,35,5,10,120.52,0,3
559,67,Other,85481,Miami,17,16.0,55,12,0,124.25,4,23
560,52,Male,88576,Houston,41,15.22,14,19,9,803.52,4,20
561,50,Male,127958,Miami,24,11.66,49,19,3,534.1,0,32
562,50,Male,149265,Chicago,2,5.68,83,11,2,486.77,4,6
563,68,Female,147556,Houston,40,9.05,7,12,4,683.76,4,0
564,60,Male,84174,New York,15,16.08,30,1,6,860.25,1,40
565,54,Other,46160,Miami,32,1.6,83,15,7,632.58,2,2
566,29,Male,135170,Miami,39,15.86,49,5,1,765.22,1,43
567,20,Other,137867,New York,6,5.56,89,18,6,767.62,2,14
568,18,Female,37633,Miami,1,3.74,16,12,0,362.7,4,30
569,50,Other,114880,New York,47,3.2,51,16,6,281.34,2,15
570,57,Other,37014,Houston,23,1.52,72,8,7,803.15,4,9
571,27,Male,100532,Chicago,39,10.95,82,16,1,383.41,4,28
572,60,Male,69104,New York,17,5.15,92,1,8,904.3,1,5
573,61,Other,61621,Los Angeles,34,19.8,80,18,0,78.99,1,28
574,46,Male,97231,New York,41,11.91,83,18,5,67.64,3,16
575,30,Female,88388,Miami,29,3.62,42,6,0,927.73,0,21
576,29,Female,36014,Houston,9,14.09,17,9,2,651.97,3,23
577,48,Male,112578,Houston,13,18.06,63,9,10,385.8,3,16
578,63,Female,53755,New York,6,15.16,45,19,5,757.51,2,20
579,19,Male,60390,Chicago,6,2.45,77,8,2,675.6,4,49
580,68,Other,43711,Los Angeles,20,18.02,7,16,7,535.89,4,10
581,67,Other,111658,Houston,3,16.08,27,14,4,107.88,4,6
582,52,Female,77993,Miami,17,4.01,10,1,1,814.06,0,41
583,40,Male,94696,Miami,49,1.98,34,3,3,867.36,2,38
584,34,Male,47213,Chicago,12,11.59,36,18,8,180.45,2,4
585,43,Female,135788,Houston,48,3.96,25,16,3,852.01,4,43
586,25,Other,124956,New York,47,16.86,6,4,9,879.07,3,47
587,46,Female,77784,Miami,45,7.81,24,6,9,553.93,0,20
588,43,Other,27421,Chicago,1,18.34,18,17,7,659.62,3,17
589,27,Male,106936,Houston,17,11.75,87,6,4,388.41,1,34
590,43,Other,119073,Houston,3,4.47,6,16,10,288.97,2,19
591,51,Female,37727,Houston,26,3.65,29,6,10,724.76,2,14
592,68,Male,132418,Houston,15,11.95,25,3,9,863.26,3,4
593,58,Female,24358,Houston,36,15.48,55,7,0,657.54,0,12
594,24,Female,85108,Miami,32,15.85,81,12,6,516.47,2,11
595,21,Other,146609,Chicago,32,6.24,46,3,2,167.34,3,20
596,67,Female,114018,Houston,4,4.88,24,5,9,62.92,0,36
597,62,Other,144457,Los Angeles,18,1.32,75,4,7,451.23,3,5
598,28,Male,52117,Los Angeles,49,13.9,26,11,11,58.86,0,6
599,46,Other,108700,Chicago,19,2.45,98,3,2,573.64,4,25
600,53,Male,51910,New York,43,8.99,28,8,0,388.9,0,41
601,42,Other,146888,New York,35,12.43,3,3,4,759.62,1,47
602,38,Female,118032,New York,40,18.81,75,18,1,312.59,4,7
603,53,Other,75754,Los Angeles,14,6.92,38,13,10,597.05,3,8
604,27,Other,82438,New York,33,5.75,61,4,3,542.31,4,26
605,54,Male,129847,Miami,14,13.43,78,17,0,14.67,4,3
606,26,Female,49371,Houston,34,12.77,51,9,8,81.67,3,20
607,41,Other,71501,Los Angeles,4,7.31,90,18,5,297.46,3,30
608,52,Female,80946,Chicago,24,18.63,48,11,7,883.41,1,20
609,66,Other,58467,Chicago,29,17.05,21,17,10,155.54,3,39
610,52,Other,37625,Houston,19,5.26,54,16,3,713.79,2,24
611,65,Female,53893,Los Angeles,6,5.54,56,10,8,973.63,2,38
612,53,Other,96329,New York,33,10.73,94,2,1,792.66,1,14
613,35,Female,51007,New York,49,15.7,59,16,8,250.52,0,34
614,66,Other,111302,Miami,40,1.84,72,0,11,909.28,0,48
615,56,Male,59532,Miami,19,14.17,51,14,4,102.18,2,42
616,49,Female,74253,New York,1,13.32,20,8,5,473.46,3,40
617,41,Other,32323,Chicago,5,5.4,96,14,2,888.67,1,36
618,40,Other,131335,Chicago,27,13.95,86,2,3,644.85,0,41
619,49,Male,132356,Miami,16,18.86,59,18,5,419.51,0,46
620,54,Female,130944,Houston,6,1.89,71,12,6,299.88,4,27
621,29,Other,93379,New York,40,7.07,9,11,0,381.35,2,13
622,66,Male,34210,Miami,13,9.33,1,19,6,513.85,3,3
623,30,Other,36456,Miami,48,18.09,29,0,0,325.85,1,19
624,40,Female,51367,New York,35,19.28,63,16,4,969.28,0,33
625,42,Other,74624,New York,19,9.44,72,12,5,933.75,4,11
626,52,Other,30106,Chicago,12,15.25,56,0,1,871.96,2,32
627,58,Other,123493,Houston,16,11.1,68,9,9,427.61,2,23
628,47,Other,88008,Houston,43,11.22,35,14,8,694.39,1,19
629,34,Male,145926,New York,10,6.28,3,6,9,903.8,0,4
630,66,Male,135395,Los Angeles,25,5.12,7,17,5,851.93,1,37
631,37,Female,136492,Miami,20,6.47,27,15,6,420.18,1,29
632,65,Male,92240,Miami,31,11.57,1,13,9,121.26,4,23
633,42,Male,84315,New York,4,1.55,91,17,7,84.87,2,42
634,39,Female,89249,Los Angeles,44,18.24,80,6,10,581.29,3,39
635,30,Male,90587,Chicago,23,3.97,71,16,9,646.2,2,6
636,36,Male,30756,New York,2,5.18,44,17,0,851.34,2,35
637,66,Female,88011,New York,22,10.85,87,11,7,299.59,4,37
638,53,Female,56378,Miami,37,14.49,41,7,3,175.8,3,15
639,29,Female,24255,New York,8,2.82,75,1,9,385.22,0,14
640,58,Other,34484,New York,7,7.04,42,6,7,360.04,3,45
641,36,Other,145703,New York,14,19.4,33,3,5,141.14,0,22
642,29,Female,76549,Miami,3,5.98,50,17,10,675.56,3,11
643,26,Female,54503,Chicago,16,6.95,63,5,8,513.61,1,28
644,24,Female,144465,Chicago,19,16.89,37,8,10,723.91,3,43
645,45,Other,93794,New York,18,1.95,59,8,3,359.16,4,47
646,31,Other,145941,Miami,16,9.83,81,13,1,332.45,0,14
647,48,Male,126283,Chicago,8,8.21,99,7,1,477.85,2,28
648,69,Male,120732,Chicago,33,7.02,48,18,4,878.63,4,44
649,36,Female,65113,Chicago,49,6.43,5,2,9,49.88,0,42
650,64,Other,125730,Miami,12,2.74,48,17,8,806.78,0,48
651,33,Other,94069,Miami,11,6.98,96,4,11,375.3,2,20
652,22,Other,118117,New York,5,1.82,3,13,2,856.07,1,14
653,52,Female,25249,Houston,27,15.84,47,3,7,804.18,4,13
654,29,Male,145654,Chicago,12,8.57,62,6,3,355.27,2,41
655,42,Female,139979,Houston,17,9.43,99,19,5,696.94,2,43
656,69,Male,39201,Miami,6,17.98,14,11,9,168.04,1,15
657,38,Male,145541,Miami,33,13.5,63,1,5,897.32,4,14
658,53,Female,78576,Miami,5,1.15,61,10,2,410.45,2,41
659,40,Male,138562,Houston,28,18.92,31,13,4,461.07,1,3
660,33,Male,145281,Miami,14,5.51,95,15,11,708.7,4,26
661,56,Other,29686,New York,5,3.04,17,19,2,822.63,3,22
662,62,Male,132413,Miami,33,15.59,24,5,10,243.98,0,28
663,59,Female,73363,Los Angeles,48,10.51,23,3,10,664.74,1,40
664,56,Female,117543,Houston,41,9.24,82,14,0,398.08,0,8
665,31,Male,20661,Los Angeles,19,5.74,50,0,6,375.02,3,42
666,48,Other,64843,Miami,22,11.4,78,6,3,693.13,2,42
667,22,Other,115673,New York,5,6.21,79,11,6,393.31,2,6
668,52,Male,80963,Chicago,2,18.13,79,9,2,352.65,4,41
669,40,Male,133092,Miami,30,5.09,70,4,11,837.53,1,3
670,46,Female,62828,New York,47,17.8,27,11,10,110.26,1,4
671,60,Male,68604,Houston,39,11.63,15,17,4,679.13,4,4
672,28,Other,30526,Los Angeles,4,16.74,50,9,4,256.24,0,10
673,35,Male,88910,Los Angeles,33,14.54,36,5,1,25.34,2,40
674,64,Female,45592,Los Angeles,13,14.24,8,11,10,175.1,2,27
675,29,Female,48982,Houston,20,7.16,79,6,9,610.59,1,15
676,26,Female,20207,New York,7,5.44,3,17,11,712.04,1,40
677,27,Female,120969,Houston,15,5.01,62,1,1,30.85,4,29
678,61,Female,137181,Los Angeles,23,17.29,47,9,3,46.06,3,3
679,34,Male,108733,Miami,14,16.59,77,14,3,903.52,0,1
680,55,Male,118936,Chicago,23,9.37,98,11,3,82.57,3,45
681,24,Male,144982,Houston,19,3.52,88,16,5,895.24,3,2
682,63,Male,145839,Houston,29,8.26,96,3,1,235.88,1,49
683,30,Female,88619,New York,20,12.77,61,6,5,742.62,1,20
684,57,Other,49328,New York,29,9.63,32,8,6,316.64,1,5
685,59,Male,66479,Houston,24,15.82,94,18,10,860.16,3,42
686,26,Other,128427,Los Angeles,18,19.95,13,6,9,703.45,0,17
687,67,Male,40103,Chicago,10,4.63,1,1,2,407.8,1,43
688,44,Male,59891,New York,41,9.73,34,5,10,85.54,2,4
689,19,Other,30754,Los Angeles,8,9.19,62,17,11,735.37,0,8
690,22,Female,119983,Miami,26,6.79,79,5,7,620.72,2,19
691,46,Male,101437,New York,29,4.76,78,12,1,12.88,0,27
692,54,Male,118540,Los Angeles,10,2.25,93,18,10,19.33,1,25
693,55,Male,92982,Los Angeles,17,17.86,98,1,7,810.71,4,17
694,36,Other,122747,Chicago,2,8.98,82,11,10,266.81,1,18
695,25,Female,75922,Chicago,6,10.44,71,14,4,639.77,3,2
696,65,Other,68231,Miami,5,18.42,93,13,1,459.67,3,8
697,62,Other,49301,Los Angeles,28,15.75,31,5,6,864.8,0,35
698,18,Female,111652,Los Angeles,41,3.48,64,17,1,917.79,3,30
699,39,Other,140787,Chicago,5,11.74,25,4,5,996.84,1,48
700,69,Female,146823,New York,18,9.4,38,17,9,162.15,2,16
701,34,Male,82711,New York,26,16.15,14,2,2,864.33,1,22
702,24,Female,61323,Houston,20,14.76,8,2,8,273.36,0,33
703,42,Male,38752,Chicago,41,14.12,91,9,2,594.91,3,40
704,62,Other,117912,Houston,49,7.47,54,18,10,510.72,2,40
705,21,Other,102205,Chicago,27,16.29,2,2,11,27.81,4,4
706,53,Male,118452,Miami,49,2.0,81,11,11,933.44,2,14
707,23,Other,33395,Los Angeles,12,4.03,78,15,2,87.54,2,46
708,48,Female,105957,Miami,7,7.38,89,16,4,691.34,1,2
709,36,Male,141237,Chicago,3,2.46,56,6,6,787.16,4,18
710,61,Other,76273,Los Angeles,10,5.46,94,12,7,797.33,0,27
711,56,Male,147431,New York,34,16.77,93,1,11,144.14,0,2
712,44,Female,111878,New York,25,19.02,84,3,10,453.09,2,37
713,27,Female,24895,Houston,35,6.79,85,9,6,831.13,2,3
714,43,Other,139968,Chicago,16,6.03,61,6,8,309.65,3,23
715,36,Female,135700,Chicago,2,6.32,22,16,4,473.07,4,30
716,56,Male,96559,New York,24,6.28,35,19,9,280.07,2,44
717,20,Female,30699,Miami,10,1.68,16,5,10,468.92,3,44
718,62,Male,85061,Los Angeles,38,18.61,50,18,2,888.96,4,10
719,30,Male,29715,Miami,22,5.06,43,4,5,460.57,0,36
720,67,Female,39169,Miami,26,8.98,17,9,4,560.35,3,0
721,45,Other,145436,New York,43,1.18,80,8,11,409.94,4,8
722,37,Female,138413,New York,39,17.3,58,12,3,465.52,3,16
723,45,Male,36163,New York,27,14.89,2,18,11,25.02,2,0
724,25,Male,139264,Houston,29,18.99,4,5,1,290.91,1,2
725,58,Female,25782,Miami,47,15.85,85,3,6,442.22,0,46
726,56,Other,108177,Chicago,38,6.96,39,2,4,637.46,2,25
727,18,Other,149772,Los Angeles,20,5.71,98,2,3,455.55,2,30
728,20,Male,144481,Houston,27,14.26,94,3,11,344.44,4,25
729,30,Male,104328,Chicago,41,7.92,6,4,7,394.22,3,22
730,45,Other,135028,Miami,20,11.76,81,7,8,249.87,0,29
731,66,Female,55585,New York,44,1.12,89,15,8,925.25,2,9
732,42,Male,50682,Miami,19,2.18,69,2,2,526.53,4,7
733,50,Male,67864,Los Angeles,20,11.17,69,11,2,23.28,0,43
734,55,Other,149992,Houston,35,11.76,20,7,4,29.25,3,24
735,23,Female,104416,Houston,47,15.28,64,12,4,973.23,2,21
736,61,Other,75114,Los Angeles,2,3.51,16,3,9,229.24,2,14
737,62,Female,147810,Chicago,30,10.75,51,13,1,807.55,2,40
738,49,Female,58067,Chicago,34,4.69,37,13,0,67.69,0,9
739,62,Female,62685,Houston,22,2.77,73,12,7,921.95,0,19
740,64,Male,142262,Houston,3,8.8,69,5,2,875.67,0,40
741,38,Other,38073,New York,6,4.1,42,16,0,575.38,0,46
742,33,Other,56035,Chicago,15,5.21,57,3,0,18.91,4,22
743,38,Female,84977,Los Angeles,27,7.03,66,7,10,265.23,1,0
744,28,Male,122710,Chicago,10,5.93,9,16,1,412.75,4,1
745,54,Male,110373,New York,9,2.66,86,2,5,465.46,2,18
746,53,Other,103362,Houston,33,2.71,64,16,5,304.7,4,13
747,52,Male,110517,Houston,32,4.67,86,8,2,42.62,3,7
748,36,Male,85450,New York,48,1.96,22,1,11,594.23,0,37
749,37,Female,30382,Los Angeles,6,12.9,34,12,3,528.91,3,11
750,35,Male,24437,Houston,41,6.46,55,19,11,290.17,3,25
751,64,Female,90971,Miami,36,6.32,29,1,1,47.6,2,26
752,58,Other,84612,Houston,2,7.31,38,19,1,994.65,0,28
753,66,Male,110355,Miami,29,13.59,97,10,6,487.17,3,14
754,31,Other,81929,New York,4,17.54,18,14,0,758.44,2,45
755,32,Other,122411,New York,1,15.42,71,10,6,457.79,0,0
756,48,Male,117518,Houston,19,14.82,65,2,11,52.74,1,42
757,18,Male,118864,Chicago,26,10.2,97,2,11,316.5,2,27
758,20,Other,32329,Miami,25,14.18,1,11,0,326.91,4,2
759,33,Male,145605,Los Angeles,10,11.5,88,4,5,839.97,0,17
760,40,Female,45169,Houston,15,5.11,4,19,2,657.69,3,33
761,28,Female,107468,Los Angeles,22,4.96,4,6,7,282.68,3,31
762,29,Male,54594,Houston,48,6.63,82,6,5,968.06,4,28
763,27,Other,96957,Chicago,21,18.31,27,12,10,328.33,4,24
764,49,Male,80631,Chicago,22,11.4,43,8,1,998.25,3,25
765,33,Male,65033,Chicago,36,14.94,59,12,7,996.2,0,38
766,25,Other,83133,Chicago,34,7.58,32,11,4,199.3,2,7
767,55,Other,93165,New York,30,8.75,33,12,7,319.61,4,18
768,29,Female,93861,New York,25,3.39,28,9,7,491.18,4,46
769,41,Other,72290,Miami,45,4.25,55,0,5,667.46,4,41
770,45,Female,114031,Los Angeles,28,16.72,60,7,1,532.77,1,21
771,25,Other,51750,Houston,1,12.11,70,15,7,969.75,0,28
772,45,Male,115155,Houston,49,7.41,62,12,10,726.75,0,32
773,53,Female,60461,New York,45,16.25,80,2,5,219.92,0,37
774,43,Female,93800,Houston,4,5.68,34,2,5,114.05,0,44
775,25,Female,98222,New York,7,19.54,87,4,7,691.52,0,45
776,67,Male,132020,Miami,49,7.55,88,10,0,166.87,3,34
777,45,Male,44226,Los Angeles,9,7.41,56,6,1,789.8,4,42
778,45,Male,26721,Miami,36,6.93,13,9,11,317.93,3,2
779,54,Male,76154,Chicago,19,3.32,56,9,11,333.62,1,18
780,58,Male,40609,Chicago,1,3.11,18,19,8,20.69,2,9
781,53,Female,72130,Chicago,10,13.31,54,1,10,704.0,4,26
782,44,Male,92909,Miami,36,17.63,77,2,11,122.14,1,14
783,34,Female,124211,Houston,9,16.02,43,7,7,775.15,3,10
784,26,Male,75249,Los Angeles,45,3.68,39,10,11,496.95,2,46
785,50,Other,68895,Chicago,46,11.37,61,12,6,786.44,1,25
786,37,Female,114473,Chicago,42,3.01,42,6,6,588.09,2,23
787,30,Other,25656,Chicago,32,1.86,81,12,4,91.61,1,12
788,45,Female,144865,Los Angeles,32,13.47,79,1,1,768.0,3,31
789,65,Other,94520,Chicago,6,11.17,18,5,10,79.1,2,36
790,46,Male,83740,Los Angeles,48,2.56,23,8,5,483.91,1,3
791,30,Male,84309,Chicago,38,1.66,54,19,9,180.63,3,12
792,63,Male,49984,Miami,17,19.81,30,1,2,754.81,4,8
793,52,Female,138947,Miami,10,1.57,98,17,3,912.48,3,48
794,23,Other,93822,Los Angeles,27,9.45,58,15,9,558.58,3,33
795,35,Male,25901,Miami,35,10.59,68,11,11,531.88,4,36
796,68,Other,51552,Los Angeles,21,3.23,67,6,10,766.32,3,47
797,22,Other,111245,Miami,25,4.21,71,6,1,15.03,4,6
798,64,Male,51055,Miami,28,7.68,18,16,1,918.58,4,0
799,42,Male,57685,Los Angeles,47,15.47,7,12,11,205.47,4,11
800,19,Other,93965,Houston,15,10.63,40,10,7,984.28,1,20
801,27,Male,34716,Miami,4,13.12,70,5,7,738.89,2,10
802,47,Male,134099,Chicago,29,19.72,86,13,9,776.51,1,43
803,67,Male,31138,Houston,9,15.59,65,5,5,659.64,4,43
804,62,Female,55298,Los Angeles,27,9.25,68,5,4,476.95,2,43
805,22,Other,71112,Houston,26,9.48,49,1,7,575.91,2,13
806,50,Other,43429,New York,19,12.76,52,19,3,55.94,4,33
807,18,Female,70200,New York,28,13.64,29,14,10,627.72,2,33
808,35,Other,91308,Miami,17,10.51,21,16,3,629.84,2,24
809,49,Male,68244,Miami,43,13.25,90,7,4,892.29,1,3
810,64,Other,137217,Chicago,41,1.45,78,4,0,510.6,2,25
811,66,Male,134055,Houston,42,9.16,9,16,0,86.37,4,15
812,28,Female,121268,New York,20,6.3,47,19,1,313.13,0,9
813,38,Male,125441,Miami,45,3.45,76,0,7,659.07,0,44
814,43,Other,37347,Houston,40,2.89,42,17,6,246.87,0,1
815,42,Other,36920,Miami,39,12.46,51,14,9,287.72,4,34
816,39,Other,51822,Miami,49,10.95,56,4,8,822.26,0,18
817,44,Female,66659,New York,23,5.82,51,6,4,588.48,1,5
818,66,Female,60108,New York,47,9.95,70,17,1,513.44,4,18
819,30,Other,148955,Miami,32,10.35,20,5,6,325.27,4,7
820,50,Male,109099,Los Angeles,47,4.71,88,4,7,733.62,4,13
821,51,Female,27967,Miami,33,13.39,27,18,11,294.84,2,9
822,58,Other,130719,Miami,46,15.84,38,9,6,739.69,2,2
823,52,Other,31871,Chicago,5,16.04,72,14,6,79.4,2,37
824,18,Female,114299,Chicago,43,12.45,65,9,11,865.9,3,28
825,38,Female,97452,Chicago,48,10.72,54,15,4,504.57,1,14
826,65,Female,94270,Los Angeles,34,2.16,24,11,1,444.12,4,22
827,23,Male,53613,Los Angeles,40,6.47,47,17,5,614.91,4,22
828,45,Male,48179,Miami,11,2.77,71,0,3,627.95,2,17
829,34,Other,140465,Chicago,3,19.31,83,15,9,140.71,4,45
830,22,Female,72188,Los Angeles,33,3.57,86,5,1,758.67,4,18
831,48,Male,75099,New York,11,3.88,63,2,11,283.17,0,27
832,22,Female,55262,Miami,16,17.9,57,1,8,905.91,4,25
833,55,Other,98213,Houston,18,18.93,55,1,6,819.67,3,9
834,20,Male,137407,Miami,30,15.55,60,12,5,352.8,2,46
835,40,Male,38268,Houston,48,1.1,99,8,11,809.66,1,3
836,54,Male,97866,Chicago,10,1.03,62,15,4,362.83,1,1
837,54,Other,106269,Houston,18,8.18,30,4,2,109.94,0,2
838,27,Female,80545,Chicago,38,3.72,93,6,11,962.27,1,6
839,27,Male,123483,New York,19,1.35,22,12,9,656.08,1,15
840,36,Other,112822,Houston,36,9.82,75,19,9,461.54,2,30
841,34,Female,92146,Miami,13,18.92,84,12,3,403.8,2,9
842,38,Other,91966,Chicago,46,7.15,29,6,2,331.46,3,18
843,31,Female,59922,Miami,3,13.56,41,9,11,981.63,0,27
844,26,Other,99364,Los Angeles,10,13.39,42,14,10,143.4,1,16
845,63,Female,62913,Chicago,38,5.77,98,5,7,321.66,3,27
846,18,Male,117033,Houston,1,13.36,65,4,2,490.64,0,18
847,68,Female,124792,Chicago,27,5.03,31,1,6,483.22,1,36
848,62,Other,139425,Miami,46,3.32,30,14,6,476.65,1,22
849,30,Other,75677,New York,8,14.33,18,15,6,184.03,2,19
850,21,Female,122154,Chicago,46,3.16,17,18,6,153.48,4,12
851,18,Male,69841,Houston,42,19.94,38,8,1,262.22,0,12
852,66,Male,66332,Los Angeles,17,4.49,14,18,9,915.38,1,42
853,57,Female,112062,New York,9,12.29,87,6,2,121.92,0,10
854,49,Female,139863,Los Angeles,6,8.82,89,3,9,759.85,3,47
855,51,Other,115694,Chicago,43,3.4,79,2,8,759.97,3,14
856,45,Male,45032,Miami,25,1.53,56,19,2,811.67,4,16
857,48,Female,57846,Miami,39,12.83,22,10,1,887.75,1,49
858,25,Male,79474,Houston,49,16.33,67,0,8,270.41,2,27
859,56,Female,64936,Miami,28,17.0,56,5,9,232.31,1,18
860,43,Female,49794,New York,33,10.17,19,10,8,470.85,0,3
861,51,Male,81588,Miami,37,15.77,57,0,3,272.44,3,21
862,20,Female,90984,Houston,9,13.78,44,6,11,736.97,0,21
863,67,Female,70331,Chicago,18,14.76,98,5,8,639.58,4,36
864,29,Other,114397,Chicago,21,10.36,35,13,2,876.24,3,38
865,18,Female,48141,Miami,2,13.03,1,1,6,91.91,2,33
866,61,Female,29074,Los Angeles,43,16.3,52,3,6,915.93,3,32
867,22,Female,26406,Chicago,38,8.56,85,10,10,300.42,1,43
868,47,Other,117359,Miami,40,16.31,93,14,7,495.79,1,41
869,47,Male,143279,Houston,36,12.25,70,17,9,444.23,3,39
870,34,Other,43291,Miami,43,4.15,37,0,3,762.71,4,32
871,65,Other,61568,Chicago,37,1.47,65,2,2,426.13,1,11
872,64,Male,117539,Houston,15,7.89,51,2,2,944.12,1,1
873,40,Other,66851,Miami,28,11.39,1,6,11,903.51,2,27
874,32,Male,119942,New York,18,16.96,91,0,4,873.44,3,9
875,54,Other,74823,Houston,34,3.42,21,10,10,80.55,1,21
876,38,Male,43312,New York,22,16.2,53,5,0,855.72,4,16
877,31,Female,63108,Los Angeles,11,17.4,16,19,9,783.82,0,25
878,19,Other,86918,Houston,13,3.86,61,2,2,112.48,3,2
879,28,Other,54171,New York,4,17.18,54,18,5,116.34,2,6
880,68,Other,61779,Chicago,22,19.84,40,1,2,110.15,1,43
881,56,Other,88828,Chicago,7,14.81,26,17,4,21.22,4,7
882,55,Female,127315,Los Angeles,43,15.91,80,11,8,553.15,3,19
883,51,Other,118723,Houston,24,19.89,92,9,1,973.66,4,11
884,55,Female,32411,Houston,4,12.5,65,4,10,444.3,4,34
885,67,Female,122821,Houston,28,6.85,74,8,1,545.35,2,16
886,51,Female,137990,Los Angeles,15,16.91,64,1,11,968.29,3,27
887,35,Female,77009,Houston,1,12.68,43,1,5,262.63,1,40
888,47,Male,35422,Chicago,3,12.04,17,5,5,859.89,2,9
889,32,Male,62468,New York,14,5.82,59,9,10,550.93,1,21
890,44,Other,52371,Chicago,38,15.37,23,17,10,573.78,0,37
891,68,Male,77022,Chicago,1,2.55,7,11,7,349.74,4,32
892,51,Male,91229,New York,38,18.56,44,3,11,565.97,0,21
893,69,Other,119071,Chicago,38,7.19,53,16,10,82.41,4,43
894,55,Other,71196,Los Angeles,21,3.43,71,14,1,767.0,2,36
895,50,Other,100354,New York,48,9.4,79,5,8,291.84,1,12
896,41,Male,116774,Chicago,29,1.81,34,15,1,888.73,1,26
897,32,Male,116410,Miami,5,14.01,46,16,0,374.17,2,14
898,47,Other,46715,Chicago,49,18.15,68,2,9,151.4,3,21
899,59,Female,47605,Los Angeles,10,16.91,78,9,1,698.92,0,29
900,68,Other,119853,Houston,28,3.42,78,4,11,172.93,0,42
901,34,Female,51174,Chicago,21,3.4,16,13,6,756.14,1,39
902,22,Female,29956,Houston,7,16.46,71,12,7,968.43,1,36
903,46,Other,124444,Miami,3,18.56,96,5,4,781.76,1,33
904,21,Other,96373,Chicago,45,9.75,19,11,5,32.22,2,43
905,27,Other,89252,New York,47,10.48,2,7,11,603.89,3,33
906,34,Male,81949,Houston,20,7.05,10,4,0,698.46,0,47
907,27,Female,82646,Miami,19,17.99,50,14,5,827.2,4,34
908,34,Male,90017,New York,35,13.25,81,15,11,65.44,2,41
909,37,Male,83037,New York,4,6.48,12,0,7,485.31,0,18
910,41,Other,109818,New York,5,6.68,70,15,2,540.02,3,7
911,22,Male,26548,New York,1,17.93,22,4,10,177.43,2,38
912,51,Other,136981,Chicago,4,1.26,32,2,0,329.23,0,32
913,23,Female,123141,Chicago,12,7.13,84,19,10,445.82,2,43
914,19,Other,93294,Chicago,27,11.53,1,14,3,834.88,0,27
915,30,Male,129204,Miami,42,3.82,54,12,0,930.11,0,36
916,60,Male,43177,Miami,23,2.75,58,15,7,632.14,3,47
917,60,Other,44022,Miami,25,16.49,70,10,4,401.0,4,24
918,65,Other,126297,Los Angeles,21,17.99,83,1,0,261.49,3,35
919,28,Male,140695,Miami,24,16.65,18,5,7,982.31,0,16
920,68,Female,25542,Chicago,25,18.08,6,5,8,983.19,2,23
921,64,Female,111012,Chicago,45,11.51,45,13,9,925.73,3,20
922,40,Other,116320,Los Angeles,46,16.43,97,10,1,787.81,4,1
923,33,Female,80428,Los Angeles,32,8.3,23,7,8,332.52,0,30
924,48,Male,42740,Miami,32,13.66,23,7,7,818.83,3,43
925,28,Other,79353,Houston,5,19.79,26,0,6,414.71,3,32
926,33,Male,110353,Los Angeles,36,5.29,77,6,2,333.51,3,29
927,25,Male,133132,New York,46,8.41,7,5,1,747.42,3,11
928,21,Female,76532,Chicago,42,10.12,79,7,6,88.86,2,43
929,57,Other,36052,New York,49,3.62,44,18,4,58.08,4,11
930,21,Other,120689,Chicago,42,2.54,27,19,5,453.47,4,48
931,42,Female,67076,Chicago,39,16.76,26,7,3,451.18,0,23
932,20,Male,73420,Los Angeles,16,19.56,97,13,1,896.69,1,23
933,49,Male,20671,Los Angeles,33,8.69,79,17,8,134.89,2,10
934,20,Male,20163,New York,49,2.67,36,15,2,132.05,0,12
935,44,Male,61424,Chicago,21,2.25,55,8,11,155.98,0,26
936,46,Other,129538,New York,9,17.94,64,14,6,39.44,3,7
937,49,Other,73744,Houston,6,9.81,91,9,7,81.01,1,9
938,67,Female,90331,New York,45,7.08,57,15,1,663.27,1,7
939,68,Female,30634,Miami,35,10.05,69,3,5,437.27,2,19
940,36,Other,24798,New York,39,7.05,61,19,10,765.97,1,7
941,38,Other,42420,Miami,22,10.29,2,12,7,992.67,0,8
942,22,Male,137043,Miami,41,17.33,55,4,6,662.44,1,6
943,35,Male,140575,Miami,5,12.25,97,6,10,59.95,1,13
944,45,Female,147158,Houston,42,14.2,80,8,2,113.52,4,27
945,59,Other,49300,New York,23,7.93,87,7,0,882.19,0,1
946,39,Female,109881,New York,17,15.03,38,15,5,532.22,1,42
947,38,Other,30749,Houston,12,13.67,80,5,7,826.59,1,7
948,23,Male,124131,Chicago,23,3.27,78,15,5,858.05,3,12
949,18,Female,45121,Los Angeles,16,11.88,29,5,4,928.4,1,20
950,22,Female,148563,New York,3,5.88,26,13,10,950.33,1,46
951,58,Other,57487,Los Angeles,30,16.28,35,0,11,559.28,4,27
952,29,Male,113947,Houston,22,9.09,79,8,7,347.61,0,34
953,43,Female,53361,Chicago,9,19.9,67,12,1,962.25,2,22
954,63,Male,41223,Chicago,29,2.76,87,18,11,551.93,0,45
955,51,Female,92930,Chicago,47,15.83,29,16,0,73.61,3,14
956,66,Male,34056,Houston,37,13.8,34,10,0,646.35,0,1
957,31,Other,48380,Miami,23,15.58,97,7,3,591.81,1,11
958,43,Female,46035,Miami,13,6.84,41,4,5,896.83,3,35
959,62,Female,50620,Los Angeles,32,10.35,41,9,8,656.66,0,2
960,44,Male,39877,Miami,46,16.13,23,6,0,355.56,3,4
961,26,Male,145481,Miami,47,5.42,71,9,11,966.56,2,2
962,43,Female,75316,Chicago,48,5.29,3,3,0,803.6,0,46
963,64,Other,84041,Chicago,23,11.47,58,8,4,634.11,1,18
964,39,Male,128940,Los Angeles,45,10.95,32,13,9,300.0,3,1
965,64,Male,137360,New York,17,6.36,31,1,4,379.8,4,43
966,47,Male,73352,Los Angeles,40,6.66,82,8,4,673.27,3,36
967,60,Female,50911,Los Angeles,21,6.28,43,0,9,81.26,4,16
968,65,Female,52784,Houston,2,15.66,7,9,5,264.11,1,13
969,34,Female,23191,Houston,37,13.39,1,9,7,716.76,2,27
970,43,Female,53160,Los Angeles,6,16.82,61,19,2,485.22,4,26
971,53,Other,110536,Los Angeles,44,19.53,14,2,8,408.37,2,9
972,18,Other,124576,Los Angeles,18,10.01,52,5,0,159.94,3,2
973,25,Female,84641,Miami,30,2.27,96,5,3,447.43,1,35
974,66,Other,69723,Houston,22,1.91,6,1,8,772.99,4,37
975,52,Male,23631,Los Angeles,33,6.62,10,17,7,271.37,3,24
976,69,Male,26172,Chicago,30,18.72,71,1,9,15.34,0,21
977,32,Male,62080,Chicago,17,10.94,90,11,8,671.82,3,47
978,64,Female,109097,Miami,43,6.16,98,4,0,972.9,2,38
979,39,Male,110353,Miami,32,8.58,30,19,8,610.76,1,46
980,31,Other,40281,New York,42,12.37,21,6,2,128.72,1,29
981,43,Female,48671,New York,14,13.41,60,15,10,327.53,3,20
982,45,Other,142811,New York,10,3.92,81,19,11,868.97,0,29
983,40,Male,71431,Miami,47,19.56,97,0,9,240.24,2,27
984,31,Male,110900,Miami,36,11.35,74,0,8,611.62,3,30
985,41,Male,142139,Miami,34,3.58,63,16,0,408.64,3,25
986,19,Female,127210,Chicago,9,17.98,42,0,0,215.77,1,42
987,62,Other,147734,Miami,42,2.42,51,19,8,815.27,2,21
988,43,Female,112961,Chicago,28,18.25,64,12,10,745.4,0,20
989,31,Female,135463,New York,11,19.93,76,8,5,664.98,1,0
990,68,Male,48602,New York,14,14.31,56,14,3,243.97,3,36
991,24,Female,108789,New York,39,15.64,80,2,6,106.88,1,12
992,20,Female,71399,Los Angeles,47,7.41,41,13,4,580.4,1,20
993,64,Male,43472,Los Angeles,19,18.89,32,10,9,558.14,4,45
994,40,Female,69230,Houston,15,11.06,15,11,6,196.5,1,8
995,63,Male,93616,Houston,28,14.92,62,12,7,65.68,1,16
996,60,Male,27099,Houston,24,18.56,27,12,7,89.9,2,46
997,64,Male,138614,Los Angeles,8,19.53,28,0,0,992.84,1,20
998,62,Male,45431,Los Angeles,43,16.83,81,9,7,785.75,0,30
999,35,Female,76492,Houston,9,6.76,64,2,5,922.77,3,38
1000,55,Male,116722,Houston,47,19.36,59,3,3,203.1,2,21
